"","p_val","avg_log2FC","pct.1","pct.2","p_val_adj","cluster","gene"
"RACK1",0,2.89836130974291,0.522,0.069,0,"1","RACK1"
"MT-ND4L",0,1.54259850750245,0.644,0.21,0,"1","MT-ND4L"
"EEF1G",0,2.89120125516959,0.454,0.061,0,"1","EEF1G"
"MT-ATP8",0,2.19504134655934,0.459,0.089,0,"1","MT-ATP8"
"RPL17",0,0.997168373611492,0.657,0.303,0,"1","RPL17"
"ZFP36L2",0,1.06538877113403,0.488,0.212,0,"1","ZFP36L2"
"SARAF",0,2.47295509144871,0.312,0.054,0,"1","SARAF"
"VIM",0,1.69384330930721,0.344,0.101,0,"1","VIM"
"ATP5MC2",0,3.06799639210461,0.27,0.032,0,"1","ATP5MC2"
"ATP5F1E",0,2.98347517928063,0.266,0.033,0,"1","ATP5F1E"
"PNRC1",0,0.893424085051447,0.449,0.226,0,"1","PNRC1"
"CRIP1",0,1.69987598454468,0.304,0.086,0,"1","CRIP1"
"NOP53",0,2.74126397439551,0.253,0.037,0,"1","NOP53"
"NR4A2",0,0.767628024870179,0.434,0.235,0,"1","NR4A2"
"ZFP36",0,0.724863735068419,0.441,0.243,0,"1","ZFP36"
"TXNIP",0,0.957533828701613,0.378,0.185,0,"1","TXNIP"
"KLF2",0,0.971684463842223,0.358,0.172,0,"1","KLF2"
"TAGLN2",0,0.760987213583374,0.364,0.206,0,"1","TAGLN2"
"MCL1",0,1.11953686048288,0.262,0.116,0,"1","MCL1"
"FOSB",6.92691102494196e-295,0.700027496048731,0.349,0.197,1.30939399104478e-290,"1","FOSB"
"PPIA",2.88986060537371e-252,0.515268026186371,0.445,0.284,5.46270350233792e-248,"1","PPIA"
"NFKBIA",5.41381269981735e-251,0.662157186189099,0.294,0.164,1.02337301464647e-246,"1","NFKBIA"
"RAC2",6.18078049087772e-243,0.743636296335737,0.31,0.181,1.16835293619061e-238,"1","RAC2"
"EZR",5.94092996297255e-239,0.59369439868329,0.375,0.231,1.1230139909007e-234,"1","EZR"
"NR4A1",2.11842944471586e-231,0.676395589495359,0.333,0.201,4.00446717934639e-227,"1","NR4A1"
"SYNGR2",4.66746077128297e-220,0.793373059278617,0.261,0.147,8.82290109595619e-216,"1","SYNGR2"
"IFITM2",8.40551086252599e-200,0.751391324672595,0.262,0.153,1.58889371834329e-195,"1","IFITM2"
"YWHAZ",1.22394578184094e-192,0.572981880671107,0.356,0.23,2.31362471141394e-188,"1","YWHAZ"
"EIF3F",5.80672508668796e-172,0.660018110573226,0.281,0.175,1.09764524313662e-167,"1","EIF3F"
"SERP1",2.03829430415661e-162,0.65236824485274,0.274,0.171,3.85298772314723e-158,"1","SERP1"
"CD55",6.61833852631003e-160,0.651363228850096,0.254,0.155,1.25106453162839e-155,"1","CD55"
"LSP1",1.06043402267335e-151,0.55598276120947,0.3,0.195,2.00453843305944e-147,"1","LSP1"
"PTPRC",4.48138610830572e-146,0.632255114569394,0.255,0.16,8.4711641605303e-142,"1","PTPRC"
"CALM1",5.39352246796965e-141,0.575223345605338,0.278,0.18,1.0195375521203e-136,"1","CALM1"
"RHOA",9.03337285563749e-106,0.505647749472784,0.274,0.189,1.70757847090115e-101,"1","RHOA"
"EIF3K",1.15896576933672e-101,0.501098149804653,0.271,0.188,2.1907929937772e-97,"1","EIF3K"
"GNB2L1",0,0.759711719571232,0.67,0.432,0,"2","GNB2L1"
"RPS10",0,0.561551778370859,0.647,0.493,0,"2","RPS10"
"EEF1D",0,0.596023306509381,0.694,0.548,0,"2","EEF1D"
"RPL7",0,0.610236896776578,0.904,0.762,0,"2","RPL7"
"RPL31",0,0.518205049133964,0.823,0.686,0,"2","RPL31"
"RPL35",0,0.5433950785821,0.873,0.758,0,"2","RPL35"
"BTG1",0,0.82610172186148,0.704,0.591,0,"2","BTG1"
"RPS5",0,0.660312862581073,0.886,0.775,0,"2","RPS5"
"RPL9",0,0.505808124325837,0.833,0.741,0,"2","RPL9"
"RPL41",0,0.562289064389021,0.99,0.898,0,"2","RPL41"
"RPL29",0,0.509757012047995,0.816,0.725,0,"2","RPL29"
"RPS9",0,0.534411145253914,0.844,0.757,0,"2","RPS9"
"RPL12",0,0.634879069469833,0.924,0.839,0,"2","RPL12"
"RPL10A",0,0.505034515778526,0.83,0.748,0,"2","RPL10A"
"RPL15",0,0.572879766060709,0.915,0.836,0,"2","RPL15"
"RPL18A",0,0.80364561721328,0.978,0.899,0,"2","RPL18A"
"RPL26",0,0.582744720191281,0.938,0.861,0,"2","RPL26"
"RPL13A",0,0.633727048831919,0.993,0.919,0,"2","RPL13A"
"RPS3A",0,0.602073995025872,0.935,0.863,0,"2","RPS3A"
"RPL8",0,0.52794294296154,0.899,0.833,0,"2","RPL8"
"RPS12",0,0.606934148074597,0.951,0.886,0,"2","RPS12"
"RPL21",0,0.645406743161679,0.993,0.928,0,"2","RPL21"
"RPS23",0,0.527017284374548,0.932,0.869,0,"2","RPS23"
"RPL3",0,0.55193622987464,0.956,0.893,0,"2","RPL3"
"RPL11",0,0.520921037030973,0.954,0.893,0,"2","RPL11"
"RPS19",0,0.712871670559292,0.982,0.921,0,"2","RPS19"
"RPS27A",0,0.612304199796027,0.979,0.922,0,"2","RPS27A"
"RPS6",0,0.635552162212655,0.975,0.918,0,"2","RPS6"
"RPL34",0,0.582263759045611,0.996,0.946,0,"2","RPL34"
"RPL39",0,0.512901905864006,0.985,0.935,0,"2","RPL39"
"RPL32",0,0.62338053028805,0.993,0.946,0,"2","RPL32"
"RPL13",0,0.724066747998657,0.996,0.951,0,"2","RPL13"
"RPS18",0,0.535182894140755,0.988,0.953,0,"2","RPS18"
"RPS27",0,0.686072153251833,1,0.97,0,"2","RPS27"
"RPL10",0,0.696243688771721,0.998,0.97,0,"2","RPL10"
"TMSB10",2.57970266068269e-305,0.513315138434048,0.714,0.603,4.87641193948849e-301,"2","TMSB10"
"GLTSCR2",6.41517322117226e-302,0.918421785841049,0.308,0.167,1.21266019399819e-297,"2","GLTSCR2"
"TMEM66",8.15588548607395e-299,0.973699761931831,0.288,0.152,1.54170703343256e-294,"2","TMEM66"
"BIRC3",1.94267154386577e-125,0.651426242924566,0.252,0.164,3.67223201936946e-121,"2","BIRC3"
"MT-ND2",0,0.913362792296803,0.864,0.667,0,"3","MT-ND2"
"MT-ND4",0,0.936373575163951,0.959,0.796,0,"3","MT-ND4"
"MT-CYB",0,0.904657699613789,0.897,0.757,0,"3","MT-CYB"
"MT-ND3",0,0.785132001367257,0.861,0.735,0,"3","MT-ND3"
"MT-ATP6",0,0.786445085397343,0.863,0.738,0,"3","MT-ATP6"
"MT-CO2",0,0.829301026641476,0.962,0.892,0,"3","MT-CO2"
"MT-CO3",0,0.803038263995012,0.966,0.907,0,"3","MT-CO3"
"MT-CO1",0,0.902934802930198,0.985,0.93,0,"3","MT-CO1"
"B2M",0,0.836154637964983,0.992,0.947,0,"3","B2M"
"MALAT1",0,0.622861753911112,0.998,0.97,0,"3","MALAT1"
"MT-ND1",1.36029106261305e-162,0.555261968118065,0.652,0.55,2.57135819565744e-158,"3","MT-ND1"
"NEAT1",1.11111570856616e-144,0.866073005330517,0.331,0.206,2.10034202390261e-140,"3","NEAT1"
"IGLL5",1.502662005473e-66,0.517508580111247,0.418,0.322,2.84048198894561e-62,"3","IGLL5"
"RGS1",0,2.79947573471423,0.507,0.178,0,"4","RGS1"
"GPR183",0,1.65875962110637,0.606,0.286,0,"4","GPR183"
"RGS2",0,1.84178468015569,0.369,0.139,0,"4","RGS2"
"H3F3B",0,1.66397715056387,0.791,0.582,0,"4","H3F3B"
"SAT1",0,1.42907783319,0.502,0.329,0,"4","SAT1"
"CXCR4",0,0.97058624152864,0.758,0.589,0,"4","CXCR4"
"B2M1",0,0.806222956819772,0.997,0.946,0,"4","B2M"
"MALAT11",0,0.570243092394457,1,0.97,0,"4","MALAT1"
"CD83",2.81132478879866e-171,0.606150482576548,0.569,0.414,5.31424724826611e-167,"4","CD83"
"SRGN",1.12257368999771e-168,0.860404594346939,0.372,0.233,2.12200104620268e-164,"4","SRGN"
"NR4A21",2.43093952382167e-164,0.810669843492704,0.403,0.262,4.59520498188011e-160,"4","NR4A2"
"NEAT11",2.68970269464931e-149,0.81825278370606,0.336,0.206,5.0843450036956e-145,"4","NEAT1"
"YPEL5",7.96980031851497e-110,0.632022861034415,0.403,0.285,1.50653135420889e-105,"4","YPEL5"
"KLF6",1.03643555480098e-87,0.554203960457147,0.531,0.438,1.95917412924029e-83,"4","KLF6"
"CMTM6",6.20773626953865e-82,0.667057595971652,0.281,0.189,1.17344838703089e-77,"4","CMTM6"
"TMEM661",1.11938375263628e-77,0.605401639020967,0.26,0.17,2.11597110760836e-73,"4","TMEM66"
"JUND",1.53503680758029e-65,0.556329114485369,0.275,0.19,2.90168007736902e-61,"4","JUND"
"NR4A11",2.61432709541515e-48,0.510622124415382,0.295,0.221,4.94186250846326e-44,"4","NR4A1"
"CD69",0,2.43766864779719,0.897,0.509,0,"5","CD69"
"FOS",0,1.83052100638566,0.656,0.359,0,"5","FOS"
"JUNB",0,1.28125875459094,0.692,0.451,0,"5","JUNB"
"IER2",0,1.76808628396621,0.443,0.209,0,"5","IER2"
"JUN",0,1.12940357836154,0.62,0.4,0,"5","JUN"
"NFKBIA1",0,1.53805346670074,0.379,0.173,0,"5","NFKBIA"
"CD831",1.98074742631456e-303,0.959115251066608,0.614,0.413,3.7442068599624e-299,"5","CD83"
"CYCS",2.12360878084033e-208,1.49914921514169,0.377,0.222,4.01425767842248e-204,"5","CYCS"
"ZFP361",1.57429191128264e-199,1.0827880247723,0.432,0.271,2.97588399989757e-195,"5","ZFP36"
"NFKBID",4.22189231063674e-194,1.13216088899719,0.263,0.126,7.98064303479662e-190,"5","NFKBID"
"EIF1",5.97729717980447e-194,0.580192420517704,0.753,0.65,1.12988848589844e-189,"5","EIF1"
"H3F3B1",2.01462615886577e-182,0.593057376084855,0.714,0.594,3.80824782810396e-178,"5","H3F3B"
"PHACTR1",2.73584281943743e-174,1.13771507056235,0.256,0.126,5.17156368158258e-170,"5","PHACTR1"
"DUSP1",3.68842088705122e-173,0.897285556982451,0.524,0.381,6.97222200279291e-169,"5","DUSP1"
"FOSB1",3.46679126659931e-167,0.887240415474524,0.368,0.216,6.55327553125268e-163,"5","FOSB"
"BIRC31",1.52120349171745e-154,1.09931243780489,0.303,0.17,2.8755309603935e-150,"5","BIRC3"
"PPP1R15A",4.4356452293214e-152,0.78392406815118,0.431,0.28,8.38470017698624e-148,"5","PPP1R15A"
"KLF61",9.36563847571219e-135,0.675649721563274,0.564,0.436,1.77038664106388e-130,"5","KLF6"
"JUND1",5.02334033822601e-131,0.815716451029662,0.317,0.188,9.49562024134863e-127,"5","JUND"
"NR4A12",1.38622544925931e-117,0.769961324023009,0.345,0.218,2.62038196673487e-113,"5","NR4A1"
"DNAJB1",1.6007606677724e-86,0.599793168610003,0.336,0.225,3.02591789029017e-82,"5","DNAJB1"
"TRA2B",7.26210907689321e-63,0.619726572208817,0.28,0.191,1.37275647880512e-58,"5","TRA2B"
"GLTSCR21",1.5279770957788e-62,0.580036759273398,0.277,0.187,2.88833510415066e-58,"5","GLTSCR2"
"HERPUD1",2.14559180873332e-37,0.629694136717516,0.355,0.294,4.05581219604859e-33,"5","HERPUD1"
"DNAJB11",0,3.25335220821977,0.856,0.175,0,"6","DNAJB1"
"HSPA1A",0,3.71543963895723,0.681,0.103,0,"6","HSPA1A"
"HSP90AA1",0,2.30805697792554,0.836,0.365,0,"6","HSP90AA1"
"HSPA1B",0,3.09570269734885,0.526,0.091,0,"6","HSPA1B"
"JUN1",0,1.88453006809952,0.745,0.388,0,"6","JUN"
"HSPE1",0,1.78368760327153,0.501,0.191,0,"6","HSPE1"
"KLF62",0,1.378245715297,0.658,0.428,0,"6","KLF6"
"UBC",0,1.21515062757773,0.656,0.459,0,"6","UBC"
"DUSP11",0,1.34923744437543,0.566,0.377,0,"6","DUSP1"
"MALAT12",0,0.625722416527426,0.999,0.971,0,"6","MALAT1"
"UBB",7.21961979362139e-279,1.01864871591009,0.557,0.356,1.36472472958825e-274,"6","UBB"
"MT-ND41",7.99091495645939e-265,0.503346319783334,0.917,0.805,1.51052265421952e-260,"6","MT-ND4"
"AL928768.3",1.60709682494712e-258,1.31796525371481,0.257,0.106,3.03789512819755e-254,"6","AL928768.3"
"HSP90AB1",3.57696654827454e-207,0.956029605521762,0.514,0.347,6.76153986620336e-203,"6","HSP90AB1"
"PPP1R15A1",2.19061256747821e-117,0.747340662912299,0.413,0.282,4.14091493630406e-113,"6","PPP1R15A"
"CD79B",7.85470154657009e-106,0.643805858495653,0.334,0.21,1.48477423334814e-101,"6","CD79B"
"FOSB2",8.03921458405391e-106,0.789228251779559,0.339,0.22,1.51965273282371e-101,"6","FOSB"
"TRA2B1",3.59826993361254e-86,0.743609446327464,0.294,0.19,6.80180965550779e-82,"6","TRA2B"
"LTB",2.38359866880571e-72,0.534915814796949,0.449,0.347,4.50571656364344e-68,"6","LTB"
"TXNIP1",4.96165315776303e-70,0.662903797025363,0.315,0.218,9.37901296411946e-66,"6","TXNIP"
"HSPA8",6.78475524852494e-52,0.560922474973236,0.323,0.238,1.28252228462867e-47,"6","HSPA8"
"FOS1",1.7505403100824e-51,0.692096969380009,0.445,0.38,3.30904634814877e-47,"6","FOS"
"IER21",1.69806643718105e-49,0.587737070298694,0.303,0.224,3.20985498620335e-45,"6","IER2"
"RACK11",0,1.94183421751184,0.519,0.136,0,"7","RACK1"
"TCL1A",0,1.76897788356825,0.466,0.118,0,"7","TCL1A"
"MT-ND4L1",0,1.09112469634558,0.623,0.276,0,"7","MT-ND4L"
"MT-ATP81",0,1.48910079115277,0.439,0.145,0,"7","MT-ATP8"
"SARAF1",0,2.07322249278458,0.371,0.086,0,"7","SARAF"
"RPL171",0,0.740686223825957,0.633,0.357,0,"7","RPL17"
"EEF1G1",0,1.68037353782307,0.399,0.124,0,"7","EEF1G"
"TXNIP2",0,1.11903424260581,0.462,0.206,0,"7","TXNIP"
"NCF1",0,1.30730047178434,0.407,0.16,0,"7","NCF1"
"RCSD1",0,1.51303582965409,0.328,0.114,0,"7","RCSD1"
"NOP531",0,2.0782203022234,0.281,0.067,0,"7","NOP53"
"FCMR",0,2.33216850837165,0.261,0.051,0,"7","FCMR"
"FCER2",0,1.65318801985975,0.295,0.09,0,"7","FCER2"
"LAPTM5",1.29824654908806e-282,0.648419936543879,0.686,0.407,2.45407545174117e-278,"7","LAPTM5"
"HLA-DRB5",3.09282241498457e-255,0.666577734447545,0.599,0.344,5.84636221104532e-251,"7","HLA-DRB5"
"SELL",2.38017051868963e-252,1.1178078336771,0.319,0.142,4.499236331479e-248,"7","SELL"
"CD37",1.84025773956799e-233,0.522489703238215,0.759,0.489,3.47863920510538e-229,"7","CD37"
"STK17A",5.61543937205514e-208,1.02488245336327,0.316,0.152,1.06148650449958e-203,"7","STK17A"
"ZFP36L21",4.06592415728767e-205,0.749514565917905,0.456,0.255,7.68581643452088e-201,"7","ZFP36L2"
"KLF21",5.35439893806359e-205,0.910079448589665,0.377,0.198,1.01214203126216e-200,"7","KLF2"
"HLA-DQA1",2.17305266813222e-194,0.542428014015286,0.602,0.37,4.10772145857034e-190,"7","HLA-DQA1"
"LINC00926",2.15594458950683e-183,1.11407064236212,0.251,0.114,4.07538205754476e-179,"7","LINC00926"
"PTPRC1",3.17052871050705e-165,0.900587451824669,0.319,0.168,5.99325042147147e-161,"7","PTPRC"
"LIMD2",3.26203330384798e-155,0.751540730158768,0.376,0.214,6.16622155426384e-151,"7","LIMD2"
"RHOH",8.30953934359256e-146,0.769413760675816,0.356,0.203,1.5707522221193e-141,"7","RHOH"
"SNX2",9.31048457957346e-141,0.959925228632226,0.254,0.129,1.75996090007677e-136,"7","SNX2"
"HLA-DMA",4.50846398141638e-139,0.649761518150776,0.414,0.251,8.52234946407139e-135,"7","HLA-DMA"
"ISG20",1.49567918313449e-130,0.73050908582187,0.329,0.187,2.82728235987913e-126,"7","ISG20"
"ARHGDIB",1.14180642543233e-124,0.526521026400141,0.496,0.326,2.15835668599474e-120,"7","ARHGDIB"
"IFITM21",1.43127787524368e-122,0.809302862016068,0.295,0.166,2.70554456757313e-118,"7","IFITM2"
"ARPC3",1.03604594254654e-106,0.547393104732765,0.436,0.287,1.95843764519572e-102,"7","ARPC3"
"FXYD5",3.1957085772907e-97,0.598554876887982,0.365,0.234,6.04084792365261e-93,"7","FXYD5"
"CD79B1",1.95743770071403e-95,0.526627315511364,0.339,0.21,3.70014448565973e-91,"7","CD79B"
"CD551",1.9833969684138e-92,0.700386582538748,0.28,0.167,3.74921528939261e-88,"7","CD55"
"YBX1",7.19356129903496e-92,0.591429275146554,0.337,0.213,1.35979889235658e-87,"7","YBX1"
"TAGAP",5.83617937383741e-89,0.727085117900978,0.257,0.151,1.10321298703649e-84,"7","TAGAP"
"SLC2A3",1.42011605915469e-77,0.570301152399348,0.322,0.209,2.68444538662011e-73,"7","SLC2A3"
"RAC21",1.12579659854387e-74,0.593695479711907,0.307,0.2,2.12809331022747e-70,"7","RAC2"
"POLD4",8.11687408297787e-61,0.552851855540937,0.276,0.182,1.53433270790531e-56,"7","POLD4"
"RHOA1",2.38828614523462e-59,0.536362478149846,0.295,0.2,4.51457730033699e-55,"7","RHOA"
"LSM7",1.12258203926885e-57,0.592339052197605,0.253,0.166,2.12201682882992e-53,"7","LSM7"
"STK17B",5.22606939572458e-49,0.519969803387533,0.256,0.174,9.87883897873817e-45,"7","STK17B"
"DAZAP2",5.38668125622759e-49,0.525710673086743,0.26,0.178,1.0182443578647e-44,"7","DAZAP2"
"SERP11",4.33878169056868e-47,0.503182622705002,0.269,0.187,8.20159902968198e-43,"7","SERP1"
"STMN1",0,5.62831065887125,0.665,0.031,0,"8","STMN1"
"HMGB2",0,5.10694247641536,0.657,0.049,0,"8","HMGB2"
"H2AFZ",0,3.78417028239861,0.713,0.116,0,"8","H2AFZ"
"TUBB",0,3.79964000929373,0.703,0.108,0,"8","TUBB"
"TUBA1B",0,3.71488513196737,0.739,0.16,0,"8","TUBA1B"
"GAPDH",0,2.98204996527462,0.877,0.325,0,"8","GAPDH"
"HMGN2",0,3.23113095857079,0.741,0.208,0,"8","HMGN2"
"HMGB1",0,2.82658687715802,0.791,0.306,0,"8","HMGB1"
"RAN",0,2.39868340209746,0.599,0.144,0,"8","RAN"
"ACTG1",0,2.0689854558579,0.793,0.361,0,"8","ACTG1"
"CFL1",0,1.92945055429359,0.797,0.372,0,"8","CFL1"
"PPIA1",0,1.72813223398933,0.726,0.303,0,"8","PPIA"
"PKM",0,2.68834377728321,0.517,0.103,0,"8","PKM"
"SLC25A5",0,2.21894375418833,0.556,0.143,0,"8","SLC25A5"
"PFN1",0,2.07028858571994,0.878,0.466,0,"8","PFN1"
"HMGN1",0,2.17943988614206,0.631,0.23,0,"8","HMGN1"
"ARPC2",0,1.81977341542497,0.631,0.235,0,"8","ARPC2"
"KIAA0101",0,6.81960133619661,0.395,0.005,0,"8","KIAA0101"
"TPI1",0,2.3446579530264,0.502,0.123,0,"8","TPI1"
"ATP5L",0,1.82271822708654,0.582,0.212,0,"8","ATP5L"
"DUT",0,3.20053190110731,0.413,0.061,0,"8","DUT"
"MYL6",0,1.46060952663549,0.638,0.288,0,"8","MYL6"
"PRDX1",0,2.25260444207505,0.46,0.116,0,"8","PRDX1"
"ENO1",0,2.48663982664882,0.432,0.097,0,"8","ENO1"
"PTTG1",0,5.2213514083786,0.341,0.013,0,"8","PTTG1"
"CHCHD2",0,1.6178693252171,0.526,0.199,0,"8","CHCHD2"
"H2AFV",0,3.27415866701434,0.361,0.043,0,"8","H2AFV"
"LDHA",0,2.75860802674776,0.392,0.075,0,"8","LDHA"
"ANP32B",0,2.05671327051252,0.432,0.118,0,"8","ANP32B"
"RANBP1",0,2.76501003531531,0.376,0.064,0,"8","RANBP1"
"SERF2",0,1.38555724636706,0.753,0.443,0,"8","SERF2"
"CALM2",0,1.64901092369785,0.601,0.295,0,"8","CALM2"
"SRSF3",0,1.7901737298385,0.454,0.155,0,"8","SRSF3"
"H3F3A",0,1.37025533808716,0.752,0.467,0,"8","H3F3A"
"GSTP1",0,2.22196044176921,0.39,0.106,0,"8","GSTP1"
"COX8A",0,2.03496267838297,0.384,0.102,0,"8","COX8A"
"TUBB4B",0,3.35310138182058,0.321,0.042,0,"8","TUBB4B"
"LDHB",0,1.91812143885446,0.398,0.119,0,"8","LDHB"
"ARPC5",0,2.01002774021183,0.39,0.113,0,"8","ARPC5"
"ERH",0,2.1908685725054,0.366,0.089,0,"8","ERH"
"HIST1H4C",0,4.03370577561456,0.356,0.081,0,"8","HIST1H4C"
"PSMA7",0,1.77638309180495,0.402,0.128,0,"8","PSMA7"
"UBE2C",0,7.31477326316148,0.272,0.003,0,"8","UBE2C"
"DBI",0,1.78721939522775,0.386,0.126,0,"8","DBI"
"DEK",0,2.30920583352915,0.336,0.077,0,"8","DEK"
"ATP5G3",0,2.42305766138721,0.325,0.067,0,"8","ATP5G3"
"MRPL51",0,2.84174140554172,0.302,0.045,0,"8","MRPL51"
"RGS13",0,3.87767385698901,0.272,0.018,0,"8","RGS13"
"PSMA4",0,2.28389395027751,0.33,0.076,0,"8","PSMA4"
"SNRPD1",0,2.42263166025052,0.315,0.063,0,"8","SNRPD1"
"CALM3",0,2.86171742478474,0.29,0.044,0,"8","CALM3"
"COX5A",0,2.28649924018173,0.306,0.065,0,"8","COX5A"
"PPP1CA",0,1.8621776019403,0.339,0.099,0,"8","PPP1CA"
"HMGA1",0,2.74472015098656,0.287,0.05,0,"8","HMGA1"
"ATP5J2",0,2.05609491507962,0.317,0.083,0,"8","ATP5J2"
"HN1",0,3.22958283039969,0.259,0.032,0,"8","HN1"
"ACTB",0,2.12228393632167,0.944,0.797,0,"8","ACTB"
"PTMA",0,1.34318522512817,0.961,0.874,0,"8","PTMA"
"DYNLL1",3.72015060348973e-307,1.92395856088986,0.334,0.098,7.03220068577665e-303,"8","DYNLL1"
"SNRPG",2.17492901227784e-305,1.83560664985772,0.357,0.111,4.1112683119088e-301,"8","SNRPG"
"YBX11",6.62365472683386e-300,1.57715862957777,0.508,0.212,1.2520694530134e-295,"8","YBX1"
"CORO1A",7.05371408268871e-299,1.43813374828664,0.632,0.331,1.33336357305065e-294,"8","CORO1A"
"HNRNPA2B1",1.41811177326978e-264,1.36255418035402,0.56,0.268,2.68065668501186e-260,"8","HNRNPA2B1"
"UQCRQ",4.68538360895237e-263,1.8111741193212,0.318,0.1,8.85678063600267e-259,"8","UQCRQ"
"NDUFA4",3.14270064967798e-255,1.48528575498151,0.439,0.174,5.94064703808629e-251,"8","NDUFA4"
"RBX1",2.96621357458919e-248,1.87117835279814,0.267,0.077,5.60703352004595e-244,"8","RBX1"
"POLR2L",1.92906951189159e-247,1.73726977969807,0.325,0.107,3.64652009832867e-243,"8","POLR2L"
"ALDOA",9.31373623999127e-246,1.53436237903037,0.39,0.145,1.76057556144555e-241,"8","ALDOA"
"ATP5E",5.3217684787743e-238,1.26063950473919,0.57,0.283,1.00597389554271e-233,"8","ATP5E"
"TCEB2",1.57406593524688e-235,1.62994410063654,0.333,0.114,2.97545683739717e-231,"8","TCEB2"
"SEC61G",5.20711160702786e-225,1.85187117146609,0.3,0.1,9.84300307076476e-221,"8","SEC61G"
"RPS27L",3.03711631368447e-223,1.82834247280466,0.298,0.1,5.74106096775776e-219,"8","RPS27L"
"SUMO2",4.82800285957576e-222,1.27749889031842,0.492,0.225,9.12637380545606e-218,"8","SUMO2"
"SNRPB",2.06755404191495e-220,1.61285012957231,0.314,0.107,3.90829740543183e-216,"8","SNRPB"
"PSMB3",1.2808330167236e-218,1.72590435017504,0.287,0.093,2.42115865151263e-214,"8","PSMB3"
"RPA3",1.27497550900957e-213,1.81475392913432,0.251,0.076,2.41008620468079e-209,"8","RPA3"
"C14orf2",1.16087050077743e-209,1.55357709173855,0.346,0.13,2.19439350761957e-205,"8","C14orf2"
"ARPC1B",3.94544595442582e-205,1.40928379036811,0.392,0.161,7.45807648765112e-201,"8","ARPC1B"
"PSME2",6.06148151136609e-202,1.77094888329056,0.278,0.094,1.14580185009353e-197,"8","PSME2"
"NUCKS1",6.60270956749334e-199,1.81329912109451,0.253,0.08,1.24811018954327e-194,"8","NUCKS1"
"COX6C",8.51506150325193e-195,1.37556626754996,0.389,0.162,1.60960207595971e-190,"8","COX6C"
"HNRNPA1",2.4356699031173e-193,1.00912070798695,0.653,0.402,4.60414681786263e-189,"8","HNRNPA1"
"LSM5",1.44939444186024e-192,1.73841033096818,0.255,0.083,2.7397903134484e-188,"8","LSM5"
"EIF4A1",3.26307680295803e-189,1.42986673405943,0.399,0.177,6.16819408063156e-185,"8","EIF4A1"
"COX6A1",2.5855368193388e-187,1.38283558147089,0.363,0.147,4.88744024959613e-183,"8","COX6A1"
"HSPA81",4.67376263191107e-185,1.34787757211828,0.472,0.237,8.8348135031015e-181,"8","HSPA8"
"SLC25A3",1.67394286358358e-176,1.44898633989801,0.318,0.124,3.16425419503204e-172,"8","SLC25A3"
"NPM1",1.88021750089975e-163,1.08822916943854,0.617,0.398,3.5541751419508e-159,"8","NPM1"
"YWHAQ",1.74102399341147e-162,1.57580947609843,0.254,0.09,3.29105765474571e-158,"8","YWHAQ"
"POMP",9.16992596307694e-159,1.37844621631417,0.33,0.139,1.73339110480043e-154,"8","POMP"
"SRSF2",4.14696856829535e-154,1.35679216377131,0.326,0.138,7.8390146846487e-150,"8","SRSF2"
"ACTR3",1.79085510159358e-153,1.26955451100499,0.374,0.172,3.38525339854234e-149,"8","ACTR3"
"TCL1A1",8.02558893921333e-146,1.61334860581239,0.316,0.14,1.5170770771795e-141,"8","TCL1A"
"UQCR10",1.33975510847506e-145,1.46005902316422,0.266,0.103,2.53253908155041e-141,"8","UQCR10"
"MIF",2.29115496734595e-141,1.3008264032559,0.346,0.158,4.33097023477406e-137,"8","MIF"
"HNRNPA3",1.72936827226617e-136,1.24784478875571,0.329,0.147,3.26902484506474e-132,"8","HNRNPA3"
"TMEM258",1.09397801095489e-131,1.42806698180897,0.267,0.109,2.06794663410803e-127,"8","TMEM258"
"PARK7",3.17123865778452e-129,1.40342301936226,0.25,0.099,5.99459243481007e-125,"8","PARK7"
"TMSB4X",3.16679189387682e-117,0.661981377038885,0.933,0.965,5.98618671699536e-113,"8","TMSB4X"
"ATP5I",4.34897652272113e-117,1.3290065890455,0.272,0.118,8.22087032089974e-113,"8","ATP5I"
"COX7A2",2.26986875827792e-113,1.05426893288945,0.379,0.196,4.29073291377274e-109,"8","COX7A2"
"RPLP0",1.74218343228971e-107,0.650531317200064,0.733,0.585,3.29324934205724e-103,"8","RPLP0"
"ARHGDIB1",1.23860485263895e-106,0.974919311922719,0.51,0.333,2.34133475294341e-102,"8","ARHGDIB"
"TMA7",7.57278156352637e-105,0.90662698463377,0.468,0.276,1.43148289895339e-100,"8","TMA7"
"HNRNPF",5.79046111715649e-104,1.20016048061887,0.278,0.128,1.09457086497609e-99,"8","HNRNPF"
"UBL5",7.36230661155469e-101,1.12601038509775,0.312,0.154,1.39169681878218e-96,"8","UBL5"
"COX6B1",5.00613093371944e-100,1.0257529340105,0.362,0.192,9.46308930400986e-96,"8","COX6B1"
"HNRNPC",1.06887756331486e-97,1.00868329685039,0.348,0.182,2.02049925793409e-93,"8","HNRNPC"
"HNRNPK",3.3015621672021e-89,0.904446415363074,0.382,0.214,6.24094296466214e-85,"8","HNRNPK"
"UQCRH",6.31119897930972e-87,0.991760761247049,0.361,0.202,1.19300594305892e-82,"8","UQCRH"
"OAZ1",1.5997803397774e-85,0.67940640886992,0.608,0.436,3.02406477628122e-81,"8","OAZ1"
"SRP14",1.77127535911114e-79,0.801775557452877,0.442,0.276,3.34824181132779e-75,"8","SRP14"
"TCEA1",1.07449045364271e-74,1.0644436581434,0.263,0.135,2.03110930452081e-70,"8","TCEA1"
"ARPC31",2.67863484781909e-73,0.798066703109749,0.449,0.293,5.06342345283243e-69,"8","ARPC3"
"NCL",8.59262294691857e-71,1.11993207607872,0.265,0.14,1.62426351565602e-66,"8","NCL"
"UBB1",5.20681781786782e-69,0.719708150236107,0.516,0.368,9.84244772111554e-65,"8","UBB"
"YWHAB",1.94137793242131e-67,0.933587667583043,0.281,0.153,3.669786705656e-63,"8","YWHAB"
"COTL1",1.39197745176869e-63,1.16751653687799,0.25,0.135,2.63125497707835e-59,"8","COTL1"
"RHOA2",2.04687425127763e-55,0.738322262295843,0.333,0.203,3.86920639719011e-51,"8","RHOA"
"SUB1",1.47331803622443e-48,1.30936190437868,0.298,0.196,2.78501308387504e-44,"8","SUB1"
"PTGES3",1.21672172489022e-42,0.78930775708962,0.269,0.166,2.29996907655997e-38,"8","PTGES3"
"SNRPD2",7.85310910103416e-37,0.681861439376656,0.326,0.223,1.48447321336849e-32,"8","SNRPD2"
"NAP1L1",8.75860338696144e-32,0.593053866323743,0.314,0.216,1.65563879823732e-27,"8","NAP1L1"
"RBM3",1.16819338171027e-21,0.544514150216002,0.261,0.186,2.20823594944693e-17,"8","RBM3"
"IGLL51",4.18025549661415e-07,1.48365863886989,0.367,0.332,0.00790193696524972,"8","IGLL5"
"ACTB1",0,1.55543814167441,0.946,0.798,0,"9","ACTB"
"RPLP1",0,0.855749313203459,0.993,0.96,0,"9","RPLP1"
"TMSB4X1",0,1.09133116748588,0.992,0.963,0,"9","TMSB4X"
"RPS181",1.86674571061125e-249,0.755272924033223,0.992,0.959,3.52870941676845e-245,"9","RPS18"
"RPL27A",6.26119404936507e-238,0.849313325807755,0.952,0.807,1.18355351115148e-233,"9","RPL27A"
"ATP5E1",5.43152621872622e-234,1.54781969547711,0.609,0.285,1.02672140112582e-229,"9","ATP5E"
"RPL28",2.45007841192227e-223,0.783758247282386,0.963,0.901,4.63138322205667e-219,"9","RPL28"
"RPS61",5.49462665242761e-220,0.711814706795641,0.98,0.928,1.03864927610839e-215,"9","RPS6"
"RPL261",1.49092695379499e-203,0.768621386362499,0.954,0.874,2.81829922075867e-199,"9","RPL26"
"RPS15",1.34946287383297e-201,0.688070381308169,0.972,0.911,2.55088967040647e-197,"9","RPS15"
"RPS191",1.15745564112579e-189,0.656155191491479,0.983,0.932,2.18793839842007e-185,"9","RPS19"
"RPL411",6.12532914577682e-185,0.618270265939309,0.996,0.915,1.15787096842619e-180,"9","RPL41"
"RPS4X",1.77657688232021e-184,0.763602425144937,0.943,0.865,3.3582632806499e-180,"9","RPS4X"
"RPL391",1.12524998121189e-182,0.666809302222757,0.983,0.945,2.12706003948484e-178,"9","RPL39"
"RPL121",1.45308016921653e-182,0.746019011509618,0.935,0.855,2.74675744387e-178,"9","RPL12"
"RPS14",5.9850014500352e-171,0.646508417100431,0.966,0.917,1.13134482410015e-166,"9","RPS14"
"RPL111",6.31156670673287e-169,0.660588777751644,0.952,0.904,1.19307545457371e-164,"9","RPL11"
"RPL13A1",2.62340136210762e-165,0.578638675194728,0.992,0.932,4.95901559479203e-161,"9","RPL13A"
"PFN11",5.31954151518358e-165,1.17237032144017,0.715,0.475,1.00555293261515e-160,"9","PFN1"
"RPS28",3.74890066045168e-160,0.642366928766071,0.955,0.909,7.08654691845181e-156,"9","RPS28"
"RPS15A",7.02228016225132e-160,0.622423870286103,0.967,0.932,1.32742161907037e-155,"9","RPS15A"
"RPL311",7.4787200457183e-152,0.797177442502025,0.873,0.709,1.41370245024213e-147,"9","RPL31"
"GAPDH1",1.2695165486437e-148,1.11926022977018,0.599,0.339,2.39976713190119e-144,"9","GAPDH"
"RPL23A",3.34911853652973e-146,0.672716307647054,0.922,0.856,6.33083876960215e-142,"9","RPL23A"
"RPL18A1",5.23628500047758e-145,0.583387968968097,0.965,0.914,9.89814953640277e-141,"9","RPL18A"
"RPL211",6.99815625801275e-139,0.545896419951208,0.99,0.94,1.32286147745215e-134,"9","RPL21"
"RPS121",1.24662323795634e-137,0.641799245941754,0.942,0.898,2.35649190670887e-133,"9","RPS12"
"RPL101",5.54349707273012e-136,0.510935104492974,0.992,0.976,1.04788725165817e-131,"9","RPL10"
"RPL131",3.85807444966889e-135,0.519682269735393,0.985,0.96,7.29291813220911e-131,"9","RPL13"
"RPL19",3.89142439968664e-135,0.608463140160258,0.934,0.875,7.35595954272766e-131,"9","RPL19"
"RPL36",7.41913382500341e-133,0.665820637547945,0.906,0.819,1.4024388669404e-128,"9","RPL36"
"RPL321",8.17617348382266e-133,0.529123387564767,0.983,0.955,1.545542073647e-128,"9","RPL32"
"RPS231",1.08396656176316e-130,0.596625849165012,0.945,0.88,2.0490219917009e-126,"9","RPS23"
"RPL35A",1.92828688759349e-130,0.665897565394625,0.905,0.822,3.64504070361798e-126,"9","RPL35A"
"RPL351",2.53919910561416e-130,0.683198723939103,0.885,0.779,4.79984806934244e-126,"9","RPL35"
"RPS2",2.61617718386218e-130,0.641460562901726,0.925,0.887,4.94535973065468e-126,"9","RPS2"
"RPL71",2.44051176634828e-127,0.657272596525095,0.918,0.788,4.61329939192815e-123,"9","RPL7"
"ATP5L1",6.30735180543395e-123,1.27694193265281,0.45,0.22,1.19227871178118e-118,"9","ATP5L"
"RPS25",7.92120490565003e-122,0.620587018455722,0.913,0.843,1.49734536331503e-117,"9","RPS25"
"RPL6",1.52446956600645e-121,0.823557943026057,0.791,0.648,2.881704820622e-117,"9","RPL6"
"RPS3A1",4.99316462776477e-119,0.587851933177215,0.932,0.876,9.43857909586375e-115,"9","RPS3A"
"RPS20",1.24797815581461e-117,0.762914334368259,0.813,0.653,2.35905310793636e-113,"9","RPS20"
"RPL33",1.43094879092445e-115,0.542359310444585,0.948,0.904,2.70492249948449e-111,"9","RPL3"
"RPS24",3.88219678275399e-115,0.777038026926047,0.802,0.683,7.33851657843987e-111,"9","RPS24"
"ACTG11",3.00883496649354e-114,1.03029400734539,0.596,0.371,5.68760073716273e-110,"9","ACTG1"
"RPL151",4.33696515937258e-113,0.575644967280558,0.921,0.85,8.19816524076198e-109,"9","RPL15"
"RPS29",8.28146603785426e-109,0.573587710899285,0.943,0.837,1.56544552513559e-104,"9","RPS29"
"GNB2L11",2.93458200860985e-99,0.765263712662041,0.708,0.475,5.54724037087521e-95,"9","GNB2L1"
"RPS7",1.837060926759e-98,0.680120297457678,0.816,0.717,3.47259626985253e-94,"9","RPS7"
"RPL10A1",2.08107899448406e-96,0.620512579663531,0.848,0.762,3.93386362327322e-92,"9","RPL10A"
"RPL36A",2.05378632185704e-92,0.913345586627716,0.612,0.412,3.88227228420637e-88,"9","RPL36A"
"RPL291",1.63684548285968e-89,0.610431096624849,0.824,0.742,3.09412901624965e-85,"9","RPL29"
"RPL14",1.21988579782528e-88,0.64409331537416,0.795,0.696,2.30595012362912e-84,"9","RPL14"
"RPL37",1.93523642236668e-87,0.608125657912348,0.837,0.766,3.65817740919973e-83,"9","RPL37"
"ATP5G2",1.3505383089869e-82,1.07828774965703,0.394,0.208,2.55292256547795e-78,"9","ATP5G2"
"RPS13",3.62752648843366e-82,0.513309047408758,0.87,0.804,6.85711332108616e-78,"9","RPS13"
"SERF21",8.56440749618336e-82,0.887105749847211,0.624,0.451,1.61892994900354e-77,"9","SERF2"
"RPL37A",2.1459352847421e-78,0.62278905947939,0.813,0.704,4.05646146874798e-74,"9","RPL37A"
"TMSB101",5.12042741655952e-75,0.837957422901442,0.748,0.622,9.67914394552247e-71,"9","TMSB10"
"RPL27",5.83840601211993e-72,0.661827680571647,0.732,0.598,1.10363388847103e-67,"9","RPL27"
"ARPC51",9.25564671417468e-71,1.36351071674192,0.26,0.12,1.74959489838044e-66,"9","ARPC5"
"UBA52",2.15037750489065e-69,0.606738294832941,0.759,0.647,4.0648585974948e-65,"9","UBA52"
"RPL23",9.91987257941131e-65,0.716821612991067,0.62,0.454,1.87515351368612e-60,"9","RPL23"
"RPS11",8.32916126012578e-62,0.5700230383523,0.769,0.657,1.57446135300158e-57,"9","RPS11"
"C14orf21",3.35270874629329e-56,1.18502036858363,0.265,0.135,6.3376253431182e-52,"9","C14orf2"
"RPS101",1.61218075045517e-49,0.580173272838608,0.663,0.521,3.04750527258541e-45,"9","RPS10"
"UQCRB",8.65997889226894e-49,0.822008994891837,0.429,0.282,1.6369958100056e-44,"9","UQCRB"
"RPLP01",1.56215953911612e-47,0.593058428104494,0.68,0.588,2.9529501767912e-43,"9","RPLP0"
"EIF3E",3.11688916517062e-46,0.74428508827506,0.465,0.319,5.89185558892203e-42,"9","EIF3E"
"RPL24",3.4547382306857e-46,0.584862948740198,0.67,0.582,6.53049167746517e-42,"9","RPL24"
"RPL38",1.24497870035524e-44,0.561299974002236,0.674,0.564,2.35338323728151e-40,"9","RPL38"
"RPL5",4.32374656090796e-42,0.523969773330273,0.709,0.641,8.17317812408432e-38,"9","RPL5"
"RPL7A",1.55409027650097e-41,0.525166816621398,0.69,0.62,2.93769684966978e-37,"9","RPL7A"
"RPL22",3.98714939928033e-39,0.531757551911419,0.668,0.576,7.5369085094596e-35,"9","RPL22"
"TMA71",7.53467582001879e-38,0.763584476109316,0.406,0.28,1.42427977025815e-33,"9","TMA7"
"COX7C",5.35466686328891e-36,0.64982762259231,0.493,0.369,1.0121926771675e-31,"9","COX7C"
"COX6B11",7.5213835942032e-31,0.785642181179359,0.303,0.196,1.42176714081223e-26,"9","COX6B1"
"OST4",7.84573272180296e-30,0.780900064762136,0.321,0.214,1.48307885640241e-25,"9","OST4"
"CFL11",8.01511896477701e-29,0.59351813640378,0.49,0.386,1.5150979379118e-24,"9","CFL1"
"SH3BGRL3",7.62477977054999e-27,0.674078586377391,0.407,0.303,1.44131212002706e-22,"9","SH3BGRL3"
"MYL61",8.797625504919e-25,0.659071461129043,0.397,0.298,1.66301514919484e-20,"9","MYL6"
"CALM21",1.00875023595902e-24,0.646613791248878,0.403,0.304,1.90684057103333e-20,"9","CALM2"
"NDUFA41",1.46716860981135e-24,0.741306142684851,0.274,0.181,2.7733888231264e-20,"9","NDUFA4"
"SUB11",1.47932273632009e-21,0.867413338794146,0.283,0.198,2.79636376846587e-17,"9","SUB1"
"ARPC32",7.24379278117032e-19,0.547274665548416,0.383,0.297,1.36929414942463e-14,"9","ARPC3"
"HMGN11",1.35957512623574e-18,0.600674138239447,0.327,0.243,2.57000486112342e-14,"9","HMGN1"
"SNRPD21",5.50434418319465e-18,0.645106493260212,0.305,0.225,1.04048618094929e-13,"9","SNRPD2"
"ARPC21",2.61106800834494e-15,0.561179576749969,0.325,0.248,4.93570185617443e-11,"9","ARPC2"
"SMIM14",9.37912104441796e-15,0.621518182280792,0.337,0.265,1.77293525102633e-10,"9","SMIM14"
"SRP141",1.94649222432009e-14,0.506874046362885,0.355,0.28,3.67945425163227e-10,"9","SRP14"
"UQCRH1",4.80590590703967e-14,0.588351533084191,0.276,0.206,9.08460393607709e-10,"9","UQCRH"
"ACTG12",0,2.56855215349428,0.962,0.362,0,"10","ACTG1"
"CD79B2",0,2.63246692823699,0.74,0.208,0,"10","CD79B"
"HMGN12",0,2.2587586361013,0.755,0.232,0,"10","HMGN1"
"GAPDH2",0,1.93059832413057,0.856,0.333,0,"10","GAPDH"
"RGS131",0,5.18966024562659,0.531,0.015,0,"10","RGS13"
"CORO1A1",0,1.84516874114836,0.789,0.331,0,"10","CORO1A"
"ATP5L2",0,2.31042795576396,0.666,0.215,0,"10","ATP5L"
"SERF22",0,1.73431452166117,0.872,0.444,0,"10","SERF2"
"MARCKSL1",0,2.98184791004529,0.509,0.087,0,"10","MARCKSL1"
"ARPC22",0,1.76198136616162,0.654,0.24,0,"10","ARPC2"
"CFL12",0,1.614468360702,0.792,0.378,0,"10","CFL1"
"LIMD21",0,1.82520046399914,0.608,0.218,0,"10","LIMD2"
"PFN12",0,1.56432232345204,0.85,0.472,0,"10","PFN1"
"PTPRCAP",0,1.49787113943987,0.742,0.368,0,"10","PTPRCAP"
"MS4A1",0,1.64826908059822,0.795,0.422,0,"10","MS4A1"
"TCL1A2",0,2.26722195559767,0.509,0.137,0,"10","TCL1A"
"CCDC144A",0,6.65530840214683,0.293,0.003,0,"10","CCDC144A"
"LRMP",0,3.22682337526306,0.323,0.036,0,"10","LRMP"
"SERPINA9",0,5.8590063438836,0.27,0.005,0,"10","SERPINA9"
"ACTB2",0,2.10199689697883,0.997,0.797,0,"10","ACTB"
"METAP2",4.44161195355233e-301,2.4507304481737,0.285,0.058,8.39597907579997e-297,"10","METAP2"
"H3F3A1",9.0764824351512e-297,1.300137953355,0.832,0.468,1.71572747471663e-292,"10","H3F3A"
"SLC25A51",8.30889978419906e-296,1.79428428954144,0.482,0.151,1.57063132620715e-291,"10","SLC25A5"
"PARP1",5.03113129609661e-294,2.11060027707253,0.362,0.091,9.51034748901141e-290,"10","PARP1"
"SMIM141",3.28368505120346e-283,1.8479466501978,0.607,0.258,6.20714985228991e-279,"10","SMIM14"
"CD53",8.22951883900276e-272,1.74802317153181,0.562,0.22,1.55562594613669e-267,"10","CD53"
"SELT",2.38592439455502e-246,1.9635868910348,0.354,0.098,4.51011288302734e-242,"10","SELT"
"UBE2J1",4.11186402711972e-239,2.14951233280394,0.283,0.068,7.7726565704644e-235,"10","UBE2J1"
"ARPC1B1",6.04530967189389e-230,1.64596748527901,0.46,0.162,1.1427448872781e-225,"10","ARPC1B"
"ALOX5AP",8.18173017472938e-228,2.01736149325296,0.306,0.08,1.5465924549291e-223,"10","ALOX5AP"
"CD40",2.37613433394357e-224,2.11593924561007,0.29,0.074,4.49160673145353e-220,"10","CD40"
"TMSB4X2",1.15946534909551e-220,0.791050605140728,0.991,0.963,2.19173734939524e-216,"10","TMSB4X"
"ACTR31",4.6031527454404e-219,1.61515168084958,0.468,0.172,8.70133963470599e-215,"10","ACTR3"
"UCP2",8.0629825470999e-217,1.56173860070028,0.51,0.201,1.52414559087829e-212,"10","UCP2"
"CD22",1.12592549115296e-215,1.91091555686422,0.324,0.092,2.12833695592644e-211,"10","CD22"
"CD74",1.55271301539667e-207,1.05550832022515,0.951,0.955,2.93509341300432e-203,"10","CD74"
"ARPC52",1.37632088916841e-200,1.76220859898712,0.364,0.118,2.60165937679505e-196,"10","ARPC5"
"LTB1",3.69935365028134e-199,1.59594993066493,0.638,0.349,6.99288820512682e-195,"10","LTB"
"BASP1",4.02756651249246e-194,2.06591909205007,0.251,0.063,7.61330897856449e-190,"10","BASP1"
"LCP1",4.48952436927674e-192,1.80096018640899,0.322,0.098,8.48654791524382e-188,"10","LCP1"
"CD79A",3.20814504616201e-186,1.09401790087578,0.75,0.471,6.06435658076005e-182,"10","CD79A"
"PKM1",5.00839952413916e-181,1.7412441325056,0.342,0.112,9.46737762048025e-177,"10","PKM"
"TMEM123",2.27064304935218e-179,1.74738141805516,0.314,0.097,4.29219655619042e-175,"10","TMEM123"
"HLA-DMA1",9.09590600185186e-175,1.35626785640369,0.545,0.257,1.71939911153006e-170,"10","HLA-DMA"
"ISG201",4.0159208883487e-172,1.58152171501173,0.455,0.192,7.59129525524554e-168,"10","ISG20"
"SYPL1",3.24374130603224e-171,1.5471592270723,0.405,0.154,6.13164419079274e-167,"10","SYPL1"
"POLD41",1.44918978284111e-170,1.45641655894284,0.449,0.183,2.73940344650455e-166,"10","POLD4"
"DYNLL11",8.77805835560039e-168,1.79466612444508,0.313,0.102,1.65931637095914e-163,"10","DYNLL1"
"PRDX11",3.21172962969706e-161,1.63702452635258,0.348,0.123,6.07113251901635e-157,"10","PRDX1"
"TCEA11",2.77658148777137e-159,1.5602573825983,0.364,0.134,5.24857198633422e-155,"10","TCEA1"
"YWHAB1",4.86964781982451e-154,1.45445841155011,0.39,0.151,9.20509527381427e-150,"10","YWHAB"
"ANP32B1",8.87823412055195e-152,1.56113079954175,0.344,0.125,1.67825259580793e-147,"10","ANP32B"
"HLA-DMB",2.47354030261121e-147,1.4960074418701,0.37,0.143,4.67573323402597e-143,"10","HLA-DMB"
"MYL62",2.27156403854647e-146,1.14009785063839,0.571,0.294,4.29393750206439e-142,"10","MYL6"
"OAZ11",1.07015780004739e-138,0.990542198514573,0.694,0.436,2.02291928942958e-134,"10","OAZ1"
"ARPC33",3.83812916715835e-123,1.08102346202195,0.546,0.293,7.25521556467943e-119,"10","ARPC3"
"LAPTM51",8.13805472850564e-106,0.874438546296234,0.657,0.424,1.53833648532942e-101,"10","LAPTM5"
"CAP1",1.04788885504133e-101,1.37035042208192,0.298,0.121,1.98082430268463e-97,"10","CAP1"
"HMGB11",1.12793144007245e-94,0.848266375223937,0.545,0.319,2.13212880116895e-90,"10","HMGB1"
"ATP5E2",5.83150632542703e-93,0.97884216613161,0.508,0.288,1.10232964069547e-88,"10","ATP5E"
"DBI1",2.56424453375084e-91,1.27441390293331,0.304,0.132,4.84719144214921e-87,"10","DBI"
"SRSF31",1.30611602867355e-83,1.17680629947489,0.339,0.161,2.46895112900161e-79,"10","SRSF3"
"FCRLA",2.25224183049954e-83,1.36246450960369,0.272,0.116,4.25741273219329e-79,"10","FCRLA"
"BRK1",5.30068483881796e-83,1.25292213437224,0.287,0.125,1.00198845508176e-78,"10","BRK1"
"VPREB3",1.01326679654786e-78,1.02204426943746,0.518,0.33,1.91537822551441e-74,"10","VPREB3"
"GDI2",1.7060669122276e-76,1.15969117210572,0.312,0.147,3.22497828418383e-72,"10","GDI2"
"PABPC1",2.11392050524664e-73,0.739438578654417,0.623,0.437,3.99594393106772e-69,"10","PABPC1"
"HNRNPA11",2.58961729456079e-66,0.721500122063282,0.596,0.407,4.89515357190826e-62,"10","HNRNPA1"
"NCF11",3.98136166879246e-64,1.03920787876949,0.336,0.177,7.52596796251839e-60,"10","NCF1"
"RAN1",1.66410593093843e-62,1.04553488788961,0.309,0.157,3.14565944125292e-58,"10","RAN"
"BTF3",1.00651139915308e-61,0.729027943423456,0.557,0.379,1.90260849781907e-57,"10","BTF3"
"CCNI",2.74443715513837e-61,0.820446784739618,0.463,0.285,5.18780955435806e-57,"10","CCNI"
"HLA-DRB1",4.60692873164531e-61,0.755325440881441,0.726,0.648,8.70847738142913e-57,"10","HLA-DRB1"
"HNRNPC1",6.51599008834297e-59,0.961917259704586,0.34,0.184,1.23171760639947e-54,"10","HNRNPC"
"COX6B12",1.81479157767272e-53,0.867358765099129,0.348,0.195,3.43050051927475e-49,"10","COX6B1"
"IRF8",2.12900814321965e-51,0.877336716646175,0.355,0.205,4.0244640931281e-47,"10","IRF8"
"GNB2L12",5.18903542106675e-50,0.543335413231345,0.656,0.476,9.80883365644247e-46,"10","GNB2L1"
"ARHGDIB2",3.9988316054533e-49,0.725301961916698,0.492,0.336,7.55899138378838e-45,"10","ARHGDIB"
"C14orf22",1.07028866265839e-48,0.995331150672846,0.261,0.135,2.02316665902315e-44,"10","C14orf2"
"SRP142",3.52440530161237e-47,0.736233519150312,0.434,0.278,6.66218334163786e-43,"10","SRP14"
"HLA-DQA11",6.17962814965964e-46,0.804237678007171,0.519,0.386,1.16813510913016e-41,"10","HLA-DQA1"
"RGS11",6.24765400409789e-46,0.698368468641064,0.353,0.21,1.18099403639462e-41,"10","RGS1"
"CIRBP",5.51962270512925e-45,0.729940194074901,0.449,0.298,1.04337427995058e-40,"10","CIRBP"
"NDUFA42",2.78701104649339e-40,0.825527167170621,0.308,0.181,5.26828698118646e-36,"10","NDUFA4"
"HLA-DRA",4.46717967216338e-39,0.50937280765379,0.855,0.894,8.44430973429044e-35,"10","HLA-DRA"
"RHOA3",1.74026839063213e-38,0.754231795552296,0.335,0.204,3.28962933881191e-34,"10","RHOA"
"PPIA2",6.43165356607425e-37,0.605457484379914,0.458,0.315,1.21577547359502e-32,"10","PPIA"
"SEC62",7.66484995120059e-36,0.836948266078191,0.285,0.169,1.44888658627545e-31,"10","SEC62"
"IGLL52",8.88688514371299e-36,0.677143830773481,0.471,0.33,1.67988789871607e-31,"10","IGLL5"
"NPM11",2.47368267279538e-35,0.561708141928673,0.535,0.403,4.67600235638511e-31,"10","NPM1"
"ALDOA1",3.2763395276389e-34,0.823701843018284,0.261,0.151,6.19326460909581e-30,"10","ALDOA"
"MYL12A",4.41122419528841e-33,0.67947391880952,0.42,0.294,8.33853709635367e-29,"10","MYL12A"
"HMGN21",5.64119074787813e-32,0.811286974814378,0.339,0.225,1.0663542870714e-27,"10","HMGN2"
"SPCS2",2.88071588978707e-31,0.780948505216853,0.259,0.153,5.4454172464645e-27,"10","SPCS2"
"PTPRC2",7.20419383451954e-31,0.758714612490667,0.287,0.177,1.36180876053923e-26,"10","PTPRC"
"SYNGR21",9.4585526109475e-30,0.783628581196207,0.274,0.169,1.78795020004741e-25,"10","SYNGR2"
"HNRNPK1",5.20086333899395e-29,0.660854783579831,0.332,0.218,9.83119196970027e-25,"10","HNRNPK"
"HLA-DQB1",3.42628387361781e-28,0.61338602638326,0.551,0.464,6.47670440629975e-24,"10","HLA-DQB1"
"ATP6V1G1",1.02426624410982e-27,0.640304714663025,0.362,0.248,1.93617048124079e-23,"10","ATP6V1G1"
"COX6C1",1.4269574362833e-27,0.724010965869685,0.27,0.168,2.69737764180632e-23,"10","COX6C"
"HSPA82",3.3631547440569e-26,0.657546873103737,0.351,0.243,6.35737141269077e-22,"10","HSPA8"
"RBM31",7.23125436300356e-24,0.670362302010421,0.283,0.186,1.36692401223856e-19,"10","RBM3"
"HLA-DRB51",1.28289700568122e-20,0.555503995619411,0.453,0.362,2.42506020983922e-16,"10","HLA-DRB5"
"CHCHD21",4.32981260888046e-17,0.509768196948079,0.295,0.209,8.18464477456674e-13,"10","CHCHD2"
"EIF3H",2.53761118282627e-16,0.550012173312113,0.261,0.182,4.79684641889649e-12,"10","EIF3H"
"SNX3",6.04174004842841e-15,0.534652135265925,0.291,0.214,1.14207012135442e-10,"10","SNX3"
"MT-ATP82",0,3.33528679517133,0.89,0.161,0,"11","MT-ATP8"
"MT-ND4L2",0,2.71135034497261,0.921,0.297,0,"11","MT-ND4L"
"MT-ND6",0,3.74878573542213,0.673,0.067,0,"11","MT-ND6"
"SARAF2",0,2.9829325010011,0.653,0.104,0,"11","SARAF"
"MT-ND5",0,1.92490102088633,0.909,0.377,0,"11","MT-ND5"
"RSRP1",0,4.52119908993281,0.558,0.031,0,"11","RSRP1"
"INPP5D",0,3.31678896745722,0.405,0.047,0,"11","INPP5D"
"AC016831.7",0,3.06748067919747,0.418,0.06,0,"11","AC016831.7"
"SSH2",0,3.07324829555962,0.389,0.053,0,"11","SSH2"
"ADGRE5",0,4.1075241234556,0.346,0.023,0,"11","ADGRE5"
"RIPOR2",0,3.38720707858325,0.318,0.034,0,"11","RIPOR2"
"AC007384.1",0,4.60147032285452,0.294,0.013,0,"11","AC007384.1"
"IGHM",0,3.343673293293,0.311,0.035,0,"11","IGHM"
"MGAT5",0,3.4720945243145,0.303,0.03,0,"11","MGAT5"
"OGA",0,4.3228012200935,0.288,0.015,0,"11","OGA"
"CEMIP2",0,4.16781203976123,0.284,0.017,0,"11","CEMIP2"
"AC025164.1",0,3.95980135884942,0.262,0.019,0,"11","AC025164.1"
"AC119396.1",0,3.6463789287938,0.267,0.024,0,"11","AC119396.1"
"FUS",4.14785709023699e-292,2.40361765843303,0.62,0.144,7.84069425767499e-288,"11","FUS"
"VPS13C",1.52040439717605e-277,3.10360543217587,0.32,0.041,2.8740204319819e-273,"11","VPS13C"
"SQSTM1",2.5553198734916e-275,2.7718155270979,0.49,0.097,4.83032115686118e-271,"11","SQSTM1"
"SMCHD1",1.30778255469236e-274,2.63326353842936,0.483,0.092,2.47210136313496e-270,"11","SMCHD1"
"NFKBIZ",7.00122074867386e-264,3.08412038613588,0.316,0.042,1.32344075812182e-259,"11","NFKBIZ"
"WSB1",5.41324991827217e-259,2.47531232738983,0.524,0.113,1.02326663205099e-254,"11","WSB1"
"ATF7IP",5.3523797306403e-257,3.01286207744966,0.31,0.042,1.01176034048294e-252,"11","ATF7IP"
"DDX17",1.90093407791891e-252,2.48331863636543,0.507,0.108,3.59333568749012e-248,"11","DDX17"
"PARP15",5.64676133518611e-238,3.01387904075825,0.287,0.038,1.06740729519023e-233,"11","PARP15"
"AREG",9.20305972047666e-235,3.04081958357653,0.294,0.041,1.7396543789617e-230,"11","AREG"
"PTPN1",1.63807769026646e-229,2.73933013824919,0.343,0.055,3.09645825791068e-225,"11","PTPN1"
"AHNAK",1.22872223226436e-227,3.12119906035268,0.267,0.035,2.32265363564933e-223,"11","AHNAK"
"MT-ND11",4.85635139129546e-224,1.30578428412004,0.951,0.557,9.17996103496581e-220,"11","MT-ND1"
"TNFRSF13C",3.89309485468782e-223,2.7203513803988,0.344,0.057,7.35911720381638e-219,"11","TNFRSF13C"
"SF1",1.95561098526421e-222,2.17253618424764,0.582,0.155,3.69669144544493e-218,"11","SF1"
"SRSF10",4.79005693328179e-221,2.76374397591219,0.359,0.063,9.05464462098256e-217,"11","SRSF10"
"RANBP2",6.85359783253577e-220,3.05331009918241,0.258,0.034,1.29553559828424e-215,"11","RANBP2"
"CCNH",5.54985322364064e-219,2.68499707569653,0.367,0.066,1.04908875486479e-214,"11","CCNH"
"AFF4",3.29557479421189e-218,2.77704853417663,0.326,0.052,6.22962503349874e-214,"11","AFF4"
"SRSF7",1.87572175770127e-212,2.10670872789757,0.621,0.186,3.54567683858271e-208,"11","SRSF7"
"FCMR1",1.74981056328113e-209,2.6631450451057,0.359,0.065,3.30766690777032e-205,"11","FCMR"
"ITGA4",1.29967407849249e-206,2.93048919570326,0.268,0.038,2.45677391057435e-202,"11","ITGA4"
"ANKRD44",1.53617203488635e-206,2.38653747217311,0.441,0.096,2.90382599754566e-202,"11","ANKRD44"
"PDE4B",2.45226678109158e-203,2.29742978234997,0.486,0.117,4.63551989629741e-199,"11","PDE4B"
"CD552",2.08379098687767e-198,2.0361418080749,0.589,0.172,3.93899010249486e-194,"11","CD55"
"STAT3",6.04246727187902e-195,2.64499769839544,0.329,0.058,1.14220758840329e-190,"11","STAT3"
"DDX3X",1.60847126646658e-192,2.44712155666602,0.415,0.091,3.04049323500178e-188,"11","DDX3X"
"REL",1.52781397557272e-189,1.80587397913475,0.671,0.227,2.88802675802512e-185,"11","REL"
"AKAP13",5.90231808460158e-184,2.45716963675082,0.363,0.073,1.11571518753224e-179,"11","AKAP13"
"ZBTB20",4.64091505256689e-178,2.6166936535087,0.316,0.058,8.7727217238672e-174,"11","ZBTB20"
"FNBP4",4.61186067462221e-176,2.6015925488927,0.301,0.054,8.71780023323836e-172,"11","FNBP4"
"SFPQ",9.56324799364709e-176,2.37218227176906,0.408,0.095,1.80774076823911e-171,"11","SFPQ"
"PLCG2",6.70030766559911e-172,2.7503581717288,0.259,0.042,1.2665591580282e-167,"11","PLCG2"
"UVRAG",9.33394490210632e-168,2.74344904642301,0.254,0.041,1.76439560484516e-163,"11","UVRAG"
"KIAA1551",3.83571892613093e-165,2.52829763592,0.32,0.063,7.25065948606531e-161,"11","KIAA1551"
"RBM39",1.14270499052579e-164,1.79342194633163,0.605,0.202,2.16005524359091e-160,"11","RBM39"
"SLC2A31",2.31159187547832e-164,1.86852773517005,0.61,0.214,4.36960212221666e-160,"11","SLC2A3"
"TRA2A",2.67994877175133e-164,2.27116776544283,0.367,0.081,5.06590716324153e-160,"11","TRA2A"
"ADAM28",6.53131012707946e-164,2.11016239083506,0.493,0.142,1.23461355332183e-159,"11","ADAM28"
"PTPRC3",2.62286427106942e-163,1.98393991409071,0.55,0.176,4.95800033160252e-159,"11","PTPRC"
"PPP1R10",4.70109336540714e-159,2.72417036570712,0.256,0.044,8.88647678862912e-155,"11","PPP1R10"
"ITSN2",3.75244839191753e-156,2.40150632518611,0.33,0.069,7.09325319524171e-152,"11","ITSN2"
"MAP3K8",5.79017185948369e-154,2.22069656971661,0.398,0.098,1.0945161865982e-149,"11","MAP3K8"
"PNN",1.45774809682942e-153,2.33624499225581,0.341,0.075,2.75558122743665e-149,"11","PNN"
"VCP",8.70364129006533e-152,2.45523871940815,0.295,0.058,1.64524931306105e-147,"11","VCP"
"SKIL",6.00530723574881e-149,2.08618968820385,0.434,0.118,1.1351832267736e-144,"11","SKIL"
"ST6GAL1",3.67379827462962e-148,2.53422329902329,0.274,0.052,6.94458087853237e-144,"11","ST6GAL1"
"SAT11",2.56187799051297e-147,1.34776599409783,0.752,0.343,4.84271796546667e-143,"11","SAT1"
"FAM129C",5.04190197894289e-145,2.40806448809441,0.294,0.059,9.53070731079574e-141,"11","FAM129C"
"CHD2",4.04710645641559e-144,2.37377451452669,0.314,0.067,7.65024533456239e-140,"11","CHD2"
"IDS",4.31774455698407e-144,2.14888266987822,0.405,0.107,8.16183253606699e-140,"11","IDS"
"CCNL1",1.10113968243092e-142,1.97262332694245,0.457,0.133,2.08148434169917e-138,"11","CCNL1"
"AFF3",7.98872953067942e-141,2.35428833411879,0.295,0.061,1.51010954318433e-136,"11","AFF3"
"YME1L1",5.23951445430804e-139,2.55326207132492,0.255,0.048,9.90425417297849e-135,"11","YME1L1"
"LUC7L3",2.51151891569992e-138,2.30454724196718,0.327,0.075,4.74752420634756e-134,"11","LUC7L3"
"RALGPS2",1.51368382844355e-137,2.12153235307576,0.383,0.099,2.86131654090685e-133,"11","RALGPS2"
"MYH9",8.61316984820123e-137,2.3842122330652,0.285,0.059,1.62814749640548e-132,"11","MYH9"
"NEAT12",4.55951866114241e-135,1.6250622739884,0.594,0.216,8.6188581251575e-131,"11","NEAT1"
"LINC009261",1.31231382106698e-133,1.97700904410496,0.427,0.122,2.48066681596292e-129,"11","LINC00926"
"DOCK8",4.42514487506227e-133,2.36123668612724,0.285,0.06,8.36485135733021e-129,"11","DOCK8"
"FOSB3",8.57249458845998e-131,1.83501969372269,0.569,0.226,1.62045865205659e-126,"11","FOSB"
"MBNL1",1.96476395197875e-127,2.09657624072481,0.354,0.091,3.71399329842543e-123,"11","MBNL1"
"CYBB",1.91772543423614e-123,2.40807994518245,0.255,0.052,3.62507638833658e-119,"11","CYBB"
"DDX6",6.23421784730733e-122,2.32045300088419,0.278,0.061,1.1784541996765e-117,"11","DDX6"
"SAMSN1",2.26607629941336e-121,1.94605914313124,0.373,0.102,4.28356402878107e-117,"11","SAMSN1"
"EPC1",3.60104500575466e-118,2.15561827959969,0.316,0.078,6.80705537437803e-114,"11","EPC1"
"USP15",5.88819923141605e-117,2.31595911833276,0.262,0.057,1.11304630071458e-112,"11","USP15"
"MT-ATP61",1.05106466929762e-115,0.701092537937891,0.978,0.75,1.98682754437329e-111,"11","MT-ATP6"
"BRD2",2.8633202966092e-114,2.35293424395011,0.311,0.08,5.41253435668037e-110,"11","BRD2"
"EML4",1.74395682392574e-113,2.14425910560123,0.31,0.078,3.29660158426683e-109,"11","EML4"
"CD44",1.91713866625673e-111,1.74191584167122,0.481,0.172,3.6239672208251e-107,"11","CD44"
"ZFP36L22",4.82376587355475e-111,1.43447223065199,0.62,0.268,9.11836463078054e-107,"11","ZFP36L2"
"ARGLU1",5.94077529388729e-111,1.91543007015997,0.383,0.114,1.12298475380351e-106,"11","ARGLU1"
"NCOA3",1.06036516067054e-110,2.2321588711818,0.265,0.06,2.00440826321553e-106,"11","NCOA3"
"SRRM2",3.59130100884842e-109,2.03004251884202,0.331,0.089,6.78863629702616e-105,"11","SRRM2"
"RBM6",4.12582043394135e-108,2.23746910684348,0.251,0.055,7.79903836627934e-104,"11","RBM6"
"HLA-DQA12",4.73260516468541e-107,1.22695360786105,0.725,0.385,8.94604354280484e-103,"11","HLA-DQA1"
"PRDM2",1.26787344397988e-106,2.1999906633548,0.275,0.066,2.39666117115517e-102,"11","PRDM2"
"MCL11",4.55668675000753e-105,1.74600206294247,0.432,0.145,8.61350496353923e-101,"11","MCL1"
"CELF2",1.70861863039769e-104,2.07601865050468,0.307,0.081,3.22980179704075e-100,"11","CELF2"
"KDM6B",3.79308071981761e-104,2.06817629406222,0.303,0.079,7.17006048467123e-100,"11","KDM6B"
"HNRNPA2B11",5.41562363723776e-103,1.38075853671636,0.617,0.275,1.02371533614705e-98,"11","HNRNPA2B1"
"ATM",9.8189221380959e-103,2.11470275396319,0.274,0.067,1.85607085176427e-98,"11","ATM"
"PNISR",1.64525217666746e-102,1.57194551799164,0.509,0.196,3.11002018955449e-98,"11","PNISR"
"HLA-F",4.27372751309834e-101,2.07707270531699,0.284,0.072,8.07862711800979e-97,"11","HLA-F"
"JMJD1C",4.46906658480391e-101,1.99921919648968,0.324,0.091,8.44787656525482e-97,"11","JMJD1C"
"NR4A22",4.52107153866101e-101,1.40043751231777,0.604,0.274,8.54618152953091e-97,"11","NR4A2"
"BCLAF1",4.0245126275683e-98,2.08370065997484,0.288,0.076,7.60753621989236e-94,"11","BCLAF1"
"ZNF207",8.65017122320236e-98,2.18143030518893,0.252,0.06,1.63514186632194e-93,"11","ZNF207"
"KMT2E",1.12847021719273e-97,1.6916538123434,0.448,0.163,2.13314725155941e-93,"11","KMT2E"
"RCSD11",9.80101776699139e-95,1.77652942968901,0.389,0.129,1.85268638849438e-90,"11","RCSD1"
"BLK",8.49951927459164e-93,2.00345166930791,0.3,0.084,1.60666412847606e-88,"11","BLK"
"FNBP1",3.13757229551003e-92,1.91979504606768,0.331,0.1,5.93095291020261e-88,"11","FNBP1"
"IQGAP1",1.66307098265958e-91,2.07004059148781,0.271,0.071,3.14370307852141e-87,"11","IQGAP1"
"LY9",2.96408767690456e-90,1.73734598694711,0.422,0.156,5.6030149356527e-86,"11","LY9"
"IFRD1",5.14798798461963e-90,2.00631923158289,0.267,0.069,9.73124168732649e-86,"11","IFRD1"
"TAF1D",1.98115547615598e-89,1.81894264360931,0.36,0.118,3.74497819657765e-85,"11","TAF1D"
"ARID5B",3.25866764738212e-88,1.8116828713015,0.347,0.111,6.15985945384642e-84,"11","ARID5B"
"ARHGAP24",5.21619756033436e-88,1.82163652456627,0.324,0.098,9.86017824830005e-84,"11","ARHGAP24"
"SF3B1",8.4656309715503e-88,1.80068307230136,0.33,0.101,1.60025822255215e-83,"11","SF3B1"
"EZR1",1.83858047130004e-87,1.34488385689007,0.568,0.258,3.47546866489847e-83,"11","EZR"
"STK4",2.25321119196414e-87,1.46204803660305,0.506,0.212,4.25924511616981e-83,"11","STK4"
"MYCBP2",7.09949180310161e-87,2.04349552152435,0.271,0.074,1.3420169355403e-82,"11","MYCBP2"
"TRIM22",1.58921571891158e-86,2.03534534246328,0.274,0.075,3.00409447345856e-82,"11","TRIM22"
"BTG2",2.43788667373573e-83,1.58826967655998,0.468,0.197,4.60833717936265e-79,"11","BTG2"
"AKAP9",2.04890953209646e-81,1.95975629786396,0.252,0.067,3.87305368852194e-77,"11","AKAP9"
"RBM25",1.16308798207513e-80,1.80620315147941,0.307,0.094,2.19858521251661e-76,"11","RBM25"
"CDC37",8.61649508347388e-80,1.97268966447688,0.268,0.076,1.62877606562907e-75,"11","CDC37"
"MS4A11",1.94414989309421e-79,0.911955360964723,0.758,0.428,3.67502654291599e-75,"11","MS4A1"
"N4BP2L2",4.63023112427183e-79,1.64053114671354,0.378,0.136,8.75252589421104e-75,"11","N4BP2L2"
"MT-CYB1",1.69879603323384e-78,0.536474156856068,0.977,0.771,3.21123414162192e-74,"11","MT-CYB"
"TAGAP1",3.49343140618588e-78,1.63081876322567,0.406,0.157,6.60363338711316e-74,"11","TAGAP"
"DUSP2",1.92541224474016e-77,1.64610682398602,0.36,0.128,3.63960676623232e-73,"11","DUSP2"
"KLF22",2.19143966750158e-77,1.52606118792135,0.477,0.209,4.14247840347825e-73,"11","KLF2"
"ANKRD12",3.65007402997936e-77,1.7647984653116,0.308,0.098,6.89973493886998e-73,"11","ANKRD12"
"PRRC2C",6.09178467921278e-77,1.74179528981703,0.346,0.12,1.15153005791159e-72,"11","PRRC2C"
"SP140",2.065095709715e-76,1.89198537316021,0.274,0.081,3.90365042007427e-72,"11","SP140"
"SP100",1.24900443241655e-75,1.7020372617075,0.343,0.119,2.360993078597e-71,"11","SP100"
"BANK1",7.01852741888584e-72,1.29945510971903,0.491,0.217,1.32671223799199e-67,"11","BANK1"
"HNRNPU",8.30608259547049e-72,1.7364736021524,0.32,0.109,1.57009879302179e-67,"11","HNRNPU"
"UBXN4",1.23051478697855e-71,1.821547090149,0.261,0.077,2.32604210182555e-67,"11","UBXN4"
"SMAP2",1.09703295142634e-70,1.83141082262632,0.288,0.093,2.07372138808121e-66,"11","SMAP2"
"RASGEF1B",1.10444526096554e-70,1.49634131370677,0.329,0.112,2.08773287680315e-66,"11","RASGEF1B"
"MARCH1",3.56120594804547e-70,1.68093651641005,0.321,0.111,6.73174760359035e-66,"11","MARCH1"
"SRSF11",1.2168354469292e-67,1.66892494231905,0.303,0.102,2.30018404533027e-63,"11","SRSF11"
"TCF25",2.96275581062533e-67,1.76214406906796,0.275,0.088,5.60049730882506e-63,"11","TCF25"
"ATP2B1",3.03770750997921e-67,1.8085670229884,0.275,0.089,5.7421785061137e-63,"11","ATP2B1"
"CD221",2.70068015628163e-66,1.71583793894588,0.288,0.096,5.10509569941917e-62,"11","CD22"
"NFKBIA2",5.55243065618107e-65,1.44293525029164,0.428,0.189,1.04957596693791e-60,"11","NFKBIA"
"EIF4G2",1.34290336315444e-64,1.60721722335622,0.323,0.117,2.53849022737083e-60,"11","EIF4G2"
"NR4A13",3.74117675931794e-61,1.27986853034405,0.474,0.227,7.0719464281387e-57,"11","NR4A1"
"ACAP1",4.36487275546927e-61,1.62084647262956,0.301,0.108,8.25091896966357e-57,"11","ACAP1"
"EIF5",8.97260063505631e-61,1.68176349177778,0.308,0.114,1.69609069804469e-56,"11","EIF5"
"TAPBP",1.18697268734737e-60,1.59044470525644,0.308,0.112,2.24373447089273e-56,"11","TAPBP"
"CD832",6.15682364138534e-60,0.819619094502505,0.706,0.428,1.16382437293107e-55,"11","CD83"
"TNRC6B",1.94717841607155e-58,1.60645819646662,0.281,0.098,3.68075135990006e-54,"11","TNRC6B"
"ACTR2",3.24325220330691e-58,1.64351115005073,0.264,0.089,6.13071963991105e-54,"11","ACTR2"
"HERPUD11",8.63399112999623e-58,0.952035668234428,0.571,0.296,1.63208334330319e-53,"11","HERPUD1"
"LDLRAD4",3.45496039784328e-57,1.50592666663755,0.295,0.107,6.53091164004315e-53,"11","LDLRAD4"
"DDIT4",3.90928318994785e-57,1.7012001878294,0.265,0.091,7.38971801395841e-53,"11","DDIT4"
"SRSF5",3.96149268823559e-57,1.24648633432942,0.439,0.202,7.48840962857174e-53,"11","SRSF5"
"WIPF1",4.44525617550469e-57,1.61562175287726,0.287,0.103,8.40286774855652e-53,"11","WIPF1"
"KLF63",1.8155486848959e-56,0.65750411143378,0.732,0.445,3.43193167905872e-52,"11","KLF6"
"HSP90B1",3.17035082712822e-56,1.55713487832058,0.262,0.09,5.99291416852047e-52,"11","HSP90B1"
"TUBA1A",1.00639067736579e-55,1.60354086211654,0.329,0.133,1.90238029742455e-51,"11","TUBA1A"
"SCAF11",1.25443350637662e-54,1.62392953871225,0.274,0.098,2.37125565710372e-50,"11","SCAF11"
"SRSF21",5.19897563053362e-54,1.43595879745155,0.344,0.143,9.82762363439771e-50,"11","SRSF2"
"ZFP362",7.11812858109026e-54,1.20395344833079,0.517,0.283,1.34553984568349e-49,"11","ZFP36"
"NCL1",1.10539182825926e-53,1.41135198578445,0.344,0.142,2.08952217295848e-49,"11","NCL"
"STK17A1",3.90033624003263e-53,1.35038511765172,0.373,0.163,7.37280559453368e-49,"11","STK17A"
"TMEM243",2.47824796437536e-52,1.53909225219163,0.293,0.112,4.68463212705874e-48,"11","TMEM243"
"NFKBID1",3.814980948344e-51,1.40502519942487,0.33,0.136,7.21145848665466e-47,"11","NFKBID"
"PPP1R15A2",1.1786342154749e-50,1.15911381592567,0.519,0.291,2.2279722575122e-46,"11","PPP1R15A"
"TXNIP3",1.2103279249303e-50,1.17255553204866,0.451,0.225,2.28788287649576e-46,"11","TXNIP"
"ARHGAP15",5.20561426101894e-50,1.60587136710561,0.254,0.091,9.8401726376041e-46,"11","ARHGAP15"
"DDX5",7.1036382540308e-50,0.824870726730453,0.657,0.399,1.34280073915944e-45,"11","DDX5"
"JAK1",2.77946066181571e-49,1.55867856153963,0.258,0.094,5.25401448903024e-45,"11","JAK1"
"TCF4",1.19220474220965e-48,1.53999017363446,0.262,0.097,2.25362462419889e-44,"11","TCF4"
"SON",1.59047838388718e-48,1.15137106439427,0.425,0.204,3.00648128906194e-44,"11","SON"
"HCLS1",8.91710676344588e-48,1.53148022097468,0.267,0.101,1.68560069149418e-43,"11","HCLS1"
"HLA-E",2.04156532621479e-47,0.82084353670661,0.648,0.403,3.85917093614382e-43,"11","HLA-E"
"TSC22D3",3.13422849113447e-46,0.689508148534619,0.709,0.468,5.9246321167915e-42,"11","TSC22D3"
"CD47",3.35521738859308e-46,1.50521683393444,0.271,0.105,6.34236742965749e-42,"11","CD47"
"STK17B1",2.8990317736049e-45,1.18862216672798,0.382,0.179,5.48003976164535e-41,"11","STK17B"
"CD19",3.63450221502957e-44,1.33890981220396,0.307,0.13,6.87029953707039e-40,"11","CD19"
"MEF2C",1.38528069194568e-41,0.971400531241988,0.464,0.246,2.61859609198493e-37,"11","MEF2C"
"DUSP12",1.55670975362112e-40,0.780213045550101,0.608,0.391,2.94264844727e-36,"11","DUSP1"
"ZNF331",8.48105642187759e-39,1.10335486165865,0.369,0.181,1.60317409542752e-34,"11","ZNF331"
"JUN2",4.14689409162574e-37,0.593148328486254,0.646,0.417,7.83887390140013e-33,"11","JUN"
"DDX21",1.01724207585838e-36,1.34551144835391,0.262,0.112,1.92289269599509e-32,"11","DDX21"
"CLK1",2.67754661658472e-35,1.30323085641584,0.269,0.118,5.0613663693301e-31,"11","CLK1"
"GPBP1",4.24781264893981e-34,1.27709417470769,0.261,0.114,8.02964025029092e-30,"11","GPBP1"
"CCR7",7.84033619596168e-32,1.23783048642509,0.252,0.112,1.48205875112264e-27,"11","CCR7"
"ZFP36L1",1.08162164719878e-30,0.931160574473078,0.454,0.276,2.04458939969985e-26,"11","ZFP36L1"
"SNX21",7.47321442869975e-29,1.13098907068769,0.282,0.137,1.41266172345711e-24,"11","SNX2"
"TMBIM6",2.77546896596259e-27,1.12771267191479,0.288,0.146,5.24646898635908e-23,"11","TMBIM6"
"RBMX",1.34772766507161e-26,1.10176926288536,0.284,0.144,2.54760960528486e-22,"11","RBMX"
"HNRNPA31",4.45882469837191e-26,1.06977030456834,0.294,0.152,8.42851632733241e-22,"11","HNRNPA3"
"ELF1",4.882810948026e-26,0.907687278101415,0.339,0.183,9.22997753505354e-22,"11","ELF1"
"RHOH1",5.06875230020263e-26,0.939682293455822,0.37,0.213,9.58146247307304e-22,"11","RHOH"
"DNAJA1",1.57417217964476e-25,1.20456704168819,0.256,0.128,2.97565767118249e-21,"11","DNAJA1"
"IER22",5.28272542881916e-25,1.02523651548544,0.372,0.229,9.98593587809686e-21,"11","IER2"
"HNRNPDL",4.16030917095662e-24,0.82455606004396,0.409,0.25,7.86423242585931e-20,"11","HNRNPDL"
"JUND2",1.41499087583019e-23,1.0080377875712,0.34,0.198,2.67475725258181e-19,"11","JUND"
"JUNB1",2.30561446047467e-22,0.531394330582465,0.634,0.471,4.35830301463527e-18,"11","JUNB"
"TRA2B2",1.79688886833982e-20,0.806926106278718,0.337,0.198,3.39665902782275e-16,"11","TRA2B"
"HLA-DMB1",2.73043829779401e-20,0.955389428533778,0.271,0.148,5.16134751432002e-16,"11","HLA-DMB"
"CD531",1.04619771985349e-19,0.754693238166572,0.369,0.227,1.97762754983905e-15,"11","CD53"
"SYNGR22",3.75596726577279e-19,0.920687405035259,0.294,0.17,7.0999049224903e-15,"11","SYNGR2"
"RNASET2",2.12701411388607e-18,0.835530484538987,0.31,0.183,4.02069477947883e-14,"11","RNASET2"
"CALM11",2.29570195812165e-18,0.887537560569754,0.324,0.2,4.33956541143735e-14,"11","CALM1"
"SNHG8",4.93340820835376e-18,0.994901365943984,0.282,0.168,9.3256215362511e-14,"11","SNHG8"
"CYTIP",5.5897361592513e-18,0.702327798404897,0.393,0.255,1.05662782618327e-13,"11","CYTIP"
"YWHAZ1",1.71131099053202e-16,0.681894781174403,0.388,0.256,3.23489116540268e-12,"11","YWHAZ"
"SRGN1",2.57650612330685e-16,0.595240757060123,0.382,0.246,4.87036952488695e-12,"11","SRGN"
"PNRC11",2.90488849251168e-16,0.735695198912456,0.396,0.273,5.49111071739484e-12,"11","PNRC1"
"VIM1",3.69693589414995e-16,0.935528398194324,0.259,0.153,6.98831792071165e-12,"11","VIM"
"HLA-DRB52",1.67111625885077e-15,0.521965288536497,0.499,0.363,3.1589110641056e-11,"11","HLA-DRB5"
"BIRC32",1.9661437462989e-12,0.531465159059096,0.288,0.181,3.71660152362881e-08,"11","BIRC3"
"DAZAP21",2.89612856960877e-11,0.732121235957272,0.277,0.183,5.47455183513147e-07,"11","DAZAP2"
"IRF81",5.90782309601594e-11,0.644000328814829,0.305,0.208,1.11675579983989e-06,"11","IRF8"
"SRSF32",1.37101044716234e-10,0.732149647490518,0.252,0.165,2.59162104827096e-06,"11","SRSF3"
"NCF12",9.98243966982302e-09,0.661117363758713,0.259,0.18,0.000188698057078664,"11","NCF1"
"HSPA83",1.82977052683173e-08,0.682013620295129,0.321,0.245,0.000345881522687002,"11","HSPA8"
"ZFAS1",2.69904816962036e-07,0.576604517487807,0.333,0.261,0.00510201075503337,"11","ZFAS1"
